{
  "timestamp": "2025-07-09T23:58:49.793557",
  "system": {
    "cpu_count": 32,
    "memory_gb": 15.431476593017578,
    "python_version": "3.12.3 (main, Jun 18 2025, 17:59:45) [GCC 13.3.0]"
  },
  "canvas_rendering": {
    "baseline": {
      "time": 14.583950281143188,
      "memory": 11.1015625,
      "fps": 6.856852778036304
    },
    "optimized": {
      "time": 0.2552306652069092,
      "memory": 4.171875,
      "fps": 391.80245022255644
    }
  },
  "undo_system": {
    "full_state": {
      "memory_mb": 61.87109375,
      "memory_per_op": 63.356
    },
    "delta": {
      "memory_mb": 0.0,
      "memory_per_op": 0.0
    }
  },
  "file_loading": {
    "baseline": {
      "time": 0.2942795753479004,
      "ops_per_sec": 679.6258277984733
    },
    "mmap": {
      "time": 0.501370906829834,
      "ops_per_sec": 398.9062733308542
    }
  },
  "qcolor_caching": {
    "no_cache": {
      "time": 0.09459590911865234,
      "ops_per_sec": 1691405.066991965
    },
    "cached": {
      "time": 0.004528999328613281,
      "ops_per_sec": 35327892.18782902
    }
  }
}